ResponseId,Age,Gender,Sex,SexOrient,Race,Relationship,Children?,Plan for children?,Age of 1st child,# children,SOI Behavior,SOI Attitude,SOI Desire,SOI,RT Btw group competition,RT within group competition,RT Mating,RT Environ,RiskTaking,DDk,DDs,DDm,DDl,DDgm,SELF,GENERALT,RELIGION,PARTNER,PARENTS,FAMILY,FRIENDS,ZSELF,ZGENERALT,ZRELIGION,ZPARTNER,ZPARENTS,ZFAMILY,ZFRIENDS,KSF,R1length,R1move,R1Leave,R1Start,R1End,R1state,R1County,R1Zip,R1 Location,R1 average in,R1 HH in,R1 roommates,R1 dens,R1 SR,R1 LE,R2length,R2move,R2Leave,R2Start,R2End,R2state,R2County,R2Zip,Location 2,R2 average in,R2 HH in,R2 roommates,R2 dens,R2 SR,R2 LE,R3length,R3move,R3Leave,R3Start,R3End,R3state,R3County,R3Zip,R3 Location,R3 average in,R3 HH in,R3 roommates,R3 dens,R3 SR,R3 LE,R4length,R4move,R4Leave,R4Start,R4End,R4state,R4County,R4Zip,R4 Location,R4 average in,R4 HH in,R4 roommates,R4 dens,R4 SR,R4 LE,R5length,R5move,R5Leave,R5Start,R5End,R5state,R5County,R5Zip,R5 Location,R5 average in,R5 HH in,R5 roommates,R5 dens,R5 SR,R5 LE
R_3N4oZoe6NJu1eQV,24,Female,Female,Heterosexual,Hispanic / Latino(a),Single,No,Definitely yes,30,10,1.00,1.00,1.33,1.11,3.00,3.00,1.00,3.67,2.43,0.1587686,0.16,0.13,0.16,0.15,5.00,4.83,6.00,-4.00,1.00,4.00,4.00,0.03,0.94,1.19,-0.39,-3.49,1.08,1.11,0.07,12,8,20,2008,2020,ks,pottawatomie,66536,"Pottawatomie County, Kansas",60000,60000,8,2000,51,70,8,0,8,2000,2008,texas,dallas ,75001,"Dallas County, Texas",10000,150000,6,10000,49,50,1,22,23,2022,2023,CT,fairfield,06896,"Fairfield County, Connecticut",120000,400000,4,5000,53,70,1,21,22,2021,2022,id,kootenai,83814,"Kootenai County, Idaho",90000,90000,9,2000,50,40,1,19,20,2019,2020,,,,,70000,50000,24,2000,53,60
R_5hnkj35PBI40JhL,21,Male,Male,Heterosexual,White / Caucasian,Dating,No,Probably yes,26,2,1.67,4.67,1.67,2.67,2.33,4.00,1.00,4.33,2.86,0.0025112,0.01,0.00,0.00,0.00,5.33,2.33,2.83,-4.17,3.67,3.33,3.00,0.37,-1.61,-0.50,-0.52,0.36,0.28,-0.10,-0.25,11,7,18,2010,2021,Kansas,Sedgwick ,67223,"Sedgwick County, Kansas",40000,300000,6,350,55,75,7,1,8,2004,2011,Missouri ,Cass County ,64083,"Cass County, Missouri",30000,100000,6,400,49,70,1,19,20,2022,2023,Kansas,Barton ,67530,"Barton County, Kansas",25000,2000,1,400,47,75,2,20,22,2023,2025,Kansas,Riley ,66502,"Riley County, Kansas",40000,5000,3,1000,51,70,0,0,0,2003,2003,,,,,,,,,,
R_60d8EKfgdbWOPC5,20,Female,Female,Heterosexual,White / Caucasian,Dating,No,Definitely yes,26,4,1.33,1.67,1.00,1.33,1.67,2.67,2.00,2.00,2.00,0.0010018,0.00,0.00,0.00,0.00,5.33,3.67,5.83,-2.50,3.83,3.33,2.17,0.37,-0.25,1.10,0.79,0.60,0.28,-1.11,0.25,18,0,18,2004,2022,Kansas,Sedwick,67025,"Sedgwick County, Kansas",70000,100000,6,50,51,75,1,18,19,2022,2023,Kansas,Riley,66506,"Riley County, Kansas",4000,5000,4,5000,29,19,1,19,20,2023,2024,Kansas,Riley,66506,"Riley County, Kansas",6000,5000,3,1000,49,19,1,20,21,2024,2025,Kansas,Riley,66502,"Riley County, Kansas",6000,5000,4,1000,52,20,,,#VALUE!,,,,,,,,,,,,
R_5vlVQKY2DsspEM9,18,Non-binary / third gender,Male,Asexual,White / Caucasian,Dating,No,Definitely not,,,2.33,8.33,2.33,4.33,1.00,3.33,3.00,3.33,2.86,0.0003990,0.00,0.00,0.00,0.00,5.00,3.50,1.00,-3.00,3.50,3.00,4.00,0.03,-0.42,-1.47,0.40,0.12,-0.12,1.11,-0.05,17,0,17,2006,2023,Kansas,United states,67601,"Jackson County, Missouri",45000,200000,8,15,56,80,4,11,15,2017,2021,Kansas,United states,67601,"Ellis County, Kansas",60000,200000,6,150,50,70,1,15,16,2021,2022,Kansas,United states,67601,"Ellis County, Kansas",30000,200000,5,140,53,70,1,16,17,2022,2023,Kansas,Unites states,67601,"Ellis County, Kansas",200000,200000,6,6,60,90,1,17,18,2023,2024,Kansas,United States,66506,"Riley County, Kansas",20000,5000,2,700,51,70
R_1494U8GFx3F8QA8,18,Female,Female,Heterosexual,White / Caucasian,Single,No,Probably yes,,2,5.00,8.67,6.00,6.56,2.33,2.67,2.33,3.33,2.50,0.0097234,0.03,0.01,0.00,0.01,6.17,2.67,1.83,-4.67,3.67,3.83,3.67,1.21,-1.27,-1.03,-0.91,0.36,0.88,0.70,-0.01,18,0,18,2006,2024,kansas,johnson,66216,"Johnson County, Kansas",200000,300000,4,9000,51,77,0.8,18,18.8,2024,2024,kansas,riley,66502,"Riley County, Kansas",54000,5000,4,3500,52,73,,,#VALUE!,,,,,,,,,,,,,,,#VALUE!,,,,,,,,,,,,,,,#VALUE!,,,,,,,,,,,,
R_3Pre7QQ5oi9HjrP,20,Female,Female,Bisexual / Pansexual,White / Caucasian,Dating,No,Definitely yes,24,2,1.33,1.67,1.00,1.33,1.00,4.00,1.00,1.67,1.79,0.0644468,0.16,0.06,0.03,0.06,5.17,2.33,1.67,-3.83,1.83,1.67,1.33,0.20,-1.61,-1.12,-0.26,-2.29,-1.71,-2.12,-1.27,10,11,21,2015,2025,kansas,US,66502,"Platte County, Missouri",25000,20000,8,45,61,75,1,10,11,2014,2015,Georgia,US,31801,"Platte County, Missouri",60000,30000,5,50,71,65,3,11,14,2015,2018,Georgia,US,31905,"Platte County, Missouri",40000,30000,5,65,81,70,0,16,16,2020,2020,Oklahoma,US,74965,"Adair County, Oklahoma",20000,15000,5,10,61,60,,,#VALUE!,,,,,,,,,,,,
R_7NOfsSw9wDmy0Ff,19,Female,Female,Heterosexual,White / Caucasian,Single,No,Definitely yes,26,3,1.00,4.67,4.67,3.44,2.00,3.33,2.00,3.00,2.36,0.0025112,0.01,0.00,0.00,0.00,5.00,4.17,3.50,-4.50,4.00,3.00,1.83,0.03,0.26,-0.14,-0.78,0.84,-0.12,-1.51,-0.20,13,0,13,2005,2018,Kansas,Franklin,66092,"Franklin County, Kansas",70000,90000,5,60,46,80,1.5,14,15.5,2019,2020,Kansas,Douglas,66006,"Douglas County, Kansas",70000,95000,4,250,55,83,5,15,20,2020,2025,Kansas,Franklin,66092,"Franklin County, Kansas",40000,120000,4,200,47,84,1,0,1,2005,2006,Kansas,Johnson County,66210,"Johnson County, Kansas",75000,60000,7,350,53,85,1,18,19,2023,2024,Kansas,Riley,66506,"Riley County, Kansas",55000,120000,2,1000,55,78
R_1UhdA0TliC2VZXv,20,Male,Male,,White / Caucasian,Single,No,Probably yes,25,3,2.00,2.33,2.33,2.22,1.00,4.33,1.00,3.33,2.21,0.0134547,0.03,0.01,0.01,0.01,6.00,4.00,4.67,-1.83,3.50,3.17,2.83,1.04,0.09,0.48,1.31,0.12,0.08,-0.30,0.40,2,0,2,2004,2006,,,,,50000,50000,4,500,71,75,3,2,5,2006,2009,Kentucky,Kentucky,,,50000,50000,4,4,61,70,1.5,5,6.5,2009,2010.5,Georgia,Georgia,,,60000,60000,4,60,61,78,10,6,16,2010,2020,Kansas,Kansas,66503,"Riley County, Kansas",55000,55000,4,600,49,75,3,9,12,2013,2016,Mississippi,Forest,39465,"Forrest County, Mississippi",40000,55000,4,12,50,72
R_6cSQ8YUDDVX83xW,19,Female,Female,Heterosexual,White / Caucasian,Single,No,Probably yes,26,3,4.67,6.33,4.00,5.00,2.33,3.00,2.00,3.33,2.50,0.0010022,0.00,0.00,0.00,0.00,4.67,3.50,3.33,-3.33,3.00,3.33,3.50,-0.30,-0.42,-0.23,0.14,-0.60,0.28,0.50,-0.09,18,18,36,2023,2041,Illinois ,coles county,61938,"Coles County, Illinois",40000,,4,100,50,80,1,18,19,2023,2024,KS,riley county,66502,"Riley County, Kansas",50000,,300,300,71,80,,,#VALUE!,,,,,,,,,,,,,,,#VALUE!,,,,,,,,,,,,,,,#VALUE!,,,,,,,,,,,,
R_7uwVFKblYzLR0sZ,19,Female,Female,Heterosexual,Black / African-American,Single,No,Definitely yes,26,4,1.33,1.33,1.33,1.33,1.00,4.33,1.00,3.67,2.29,0.0157453,0.03,0.01,0.01,0.01,5.17,2.17,3.33,-3.67,3.83,3.33,3.33,0.20,-1.78,-0.23,-0.13,0.60,0.28,0.30,-0.11,16,2,18,2007,2023,TX,Collin,75078,"Collin County, Texas",80000,150000,4,7000,55,80,1,18,19,2023,2024,Kentucky,Jefferson,40205,"Jefferson County, Kentucky",70000,0,1,700000,61,75,1,19,20,2024,2025,Kansas,Riley,66502,"Riley County, Kansas",60000,0,1,50000,54,82,,,#VALUE!,,,,,,,,,,,,,,,#VALUE!,,,,,,,,,,,,
R_8AG65gxw0hUyrG9,22,Male,Male,Heterosexual,White / Caucasian,Dating,No,Definitely yes,26,2,1.33,1.00,1.00,1.11,2.33,4.67,1.00,2.00,2.29,0.0410114,0.07,0.06,0.03,0.05,6.17,4.33,6.17,-1.33,4.00,4.00,3.50,1.21,0.43,1.27,1.70,0.84,1.08,0.50,1.01,12,10,22,2012,2024,KS,USA,66507,"Johnson County, Kansas",56000,150000,4,300,55,76,10,0,10,2002,2012,KS,WB,66507,"Wabaunsee County, Kansas",56000,80000,4,450,53,76,3,12,15,2014,2017,KS,Pratt,67124,"Pratt County, Kansas",65000,160000,4,1000,49,75,2,20,22,2022,2024,KS,Riley,66502,"Riley County, Kansas",45000,100000,2,5000,47,70,2,18,20,2020,2022,KS,Riley,66502,"Riley County, Kansas",40000,65000,1,3000,47,70
R_12XUQPJX545gjlI,19,Female,Female,Heterosexual,White / Caucasian,Dating,No,Definitely yes,25,4,2.00,2.00,1.67,1.89,1.00,2.67,1.00,1.67,1.50,0.0158668,0.03,0.03,0.00,0.01,6.17,3.67,7.00,-2.17,3.67,3.67,4.00,1.21,-0.25,1.72,1.05,0.36,0.68,1.11,0.84,14,2,16,2007,2021,Kansas,United States,66507,"Jackson County, Missouri",80000,180000,6,70,68,80,1.5,18,19.5,2023,2024,Kansas,Sedgwick,67207,"Sedgwick County, Kansas",85000,0,3,50,74,80,2,16,18,2021,2023,Kansas,Wabaunsee,66526,"Wabaunsee County, Kansas",75000,90000,5,10,61,75,,,#VALUE!,,,,,,,,,,,,,,,#VALUE!,,,,,,,,,,,,
R_75vyvj5ayBpNmmI,18,Female,Female,Heterosexual,White / Caucasian,Single,No,Probably yes,29,3,1.00,1.00,1.00,1.00,4.00,4.33,2.00,4.00,3.21,0.0025352,0.00,0.01,0.00,0.00,4.17,4.33,6.00,-4.50,3.67,1.33,2.67,-0.81,0.43,1.19,-0.78,0.36,-2.11,-0.51,-0.32,9,0,9,2006,2015,Nebraska,Boone,68620,"Boone County, Nebraska",65221,88786,4,4,72,95,9,9,18,2015,2024,Kansas,Franklin,66067,"Franklin County, Kansas",71000,103456,4,15,71,84,,,#VALUE!,,,,,,,,,,,,,,,#VALUE!,,,,,,,,,,,,,,,#VALUE!,,,,,,,,,,,,
R_7msohfZzMMedMZ3,19,Male,Male,Heterosexual,White / Caucasian,Single,No,Definitely yes,25,4,3.00,5.33,5.00,4.44,2.67,5.00,1.67,4.67,3.57,0.0158668,0.03,0.03,0.01,0.02,5.50,3.00,6.00,-3.67,4.00,4.00,3.17,0.53,-0.93,1.19,-0.13,0.84,1.08,0.10,0.38,9,0,9,2005,2014,Kansas,Gove,67752,"Gove County, Kansas",60000,150000,6,1000,50,75,3,9,12,2014,2017,Kansas,Thomas,67732,"Thomas County, Kansas",50000,100000,6,25,71,75,6,12,18,2017,2023,Kansas,Thomas,67732,"Thomas County, Kansas",60000,120000,7,300,56,79,,,#VALUE!,,,,,,,,,,,,,,,#VALUE!,,,,,,,,,,,,
R_21nXQv94GDIUrEk,19,Male,Male,Heterosexual,Black / African-American,Dating,No,Definitely yes,24,2,8.33,8.33,1.00,5.89,3.00,4.33,1.67,2.00,2.50,0.2494233,0.25,0.25,0.16,0.21,5.00,1.00,6.00,-2.17,4.00,3.00,2.00,0.03,-2.97,1.19,1.05,0.84,-0.12,-1.31,-0.18,19,0,19,2005,2024,forida,polk,33844,"Polk County, Florida",40000,112000,4,600,52,80,,,#VALUE!,,,,,,,,,,,,,,,#VALUE!,,,,,,,,,,,,,,,#VALUE!,,,,,,,,,,,,,,,#VALUE!,,,,,,,,,,,,
R_2C43pXSkCCPNPXV,23,Male,Male,Heterosexual,White / Caucasian,Single,No,Probably not,27,2,1.67,4.33,6.33,4.11,1.67,2.00,1.67,2.00,1.79,0.0409570,0.07,0.03,0.03,0.03,5.00,5.00,5.00,-5.00,3.00,3.00,3.00,0.03,1.11,0.65,-1.17,-0.60,-0.12,-0.10,-0.03,4,19,23,2020,2024,KS,USA,66062,"Johnson County, Kansas",50000,170000,5,1000,51,45,5,19,24,2020,2025,KS,USA,66502,"Johnson County, Kansas",40000,170000,7,5000,45,30,,,#VALUE!,,,,,,,,,,,,,,,#VALUE!,,,,,,,,,,,,,,,#VALUE!,,,,,,,,,,,,
R_37HhbzoFwHbA1G1,20,Female,Female,Heterosexual,White / Caucasian,Single,No,Might or might not,27,4,1.00,4.00,2.00,2.33,2.33,2.00,2.00,2.00,2.07,0.1012739,0.16,0.13,0.06,0.11,5.00,5.00,3.33,-3.00,4.00,2.17,2.00,0.03,1.11,-0.23,0.40,0.84,-1.11,-1.31,-0.04,18,0,18,2004,2022,kansas ,US,66227,"Platte County, Missouri",100000,100000,5,50,23,80,1,20,21,2024,2025,kansas ,US,66502,"Platte County, Missouri",20,14,3,100,50,70,18,5,23,2009,2027,kansas ,us ,66217,"Johnson County, Kansas",100000,100000,8,70,36,80,,,#VALUE!,,,,,,,,,,,,,,,#VALUE!,,,,,,,,,,,,
R_72EzRvpqkJFhqjZ,22,Male,Male,Heterosexual,White / Caucasian,Single,No,Probably yes,28,2,1.00,5.00,4.33,3.44,1.00,2.67,1.67,2.67,2.00,0.2494233,0.16,0.25,0.25,0.21,5.00,2.83,4.33,-4.17,3.00,3.83,3.17,0.03,-1.10,0.30,-0.52,-0.60,0.88,0.10,-0.13,19,1,20,2003,2022,Missouri,United States,64063,"Jackson County, Missouri",70000,70000,5,500,50,90,4,19,23,2021,2025,Kansas,Riley,66502,"Riley County, Kansas",10000,10000,3,1000,57,90,,,#VALUE!,,,,,,,,,,,,,,,#VALUE!,,,,,,,,,,,,,,,#VALUE!,,,,,,,,,,,,
R_2VvYArBxB7SLWo1,20,Female,Female,Heterosexual,Asian / Asian-American,Single,No,Probably yes,30,5,1.00,1.00,2.00,1.33,1.67,4.00,1.67,3.00,2.36,0.0097065,0.01,0.01,0.01,0.01,6.00,4.67,6.00,-4.17,3.83,3.33,3.00,1.04,0.77,1.19,-0.52,0.60,0.28,-0.10,0.47,19,0,19,2004,2023,,,,,857,2856,6,126,46,70,0.25,8,8.25,2012,2012,,,,,857,1714,6,50,24,80,0.05,18,18.05,2022,2022.05,,,,,857,2857,6,120,45,70,0.1,20,20.1,2024,2024.1,Texas,Fort Worth,76131,"Tarrant County, Texas",67927,2750,6,2166,48,66,0.8,20,20.8,2024,2024.8,Kansas,Manhattan,66505,"Riley County, Kansas",52747,2750,1,2700,48,65
R_35HFFYF67CG8BDr,18,Female,Female,Heterosexual,White / Caucasian,Single,No,Might or might not,25,2,1.33,7.33,6.33,5.00,1.67,3.67,1.67,2.00,2.29,0.0048371,0.00,0.01,0.00,0.01,5.00,5.33,1.83,-3.33,3.50,3.83,3.50,0.03,1.45,-1.03,0.14,0.12,0.88,0.50,0.30,1,17,18,2023,2024,Nebraska,Douglas,68116,"Douglas County, Kansas",100000,250000,5,300,49,90,12,5,17,2011,2023,Nebraska,Douglas,68164,"Douglas County, Kansas",80000,190000,5,450,50,85,5,0,5,2006,2011,Missouri,Platte,64152,"Platte County, Missouri",109000,100000,5,1250,49,87,,,#VALUE!,,,,,,,,,,,,,,,#VALUE!,,,,,,,,,,,,
R_5pq26M8vIy6gTmN,21,Male,Male,Bisexual / Pansexual,White / Caucasian,Single,No,Probably yes,30,2,5.33,6.00,7.67,6.33,3.00,3.67,2.00,3.00,2.64,0.0025352,0.00,0.00,0.00,0.00,5.83,3.17,4.50,-4.67,3.50,2.50,3.33,0.87,-0.76,0.39,-0.91,0.12,-0.71,0.30,-0.10,6,12,18,2015,2021,KS,Johnson,66226,"Johnson County, Kansas",80000,46000,3,1000,50,70,4,16,20,2019,2023,Missouri,Jackson,,"Jackson County, Missouri",40000,150000,3,2000,50,60,4,12,16,2015,2019,KS,Johnson,66226,"Johnson County, Kansas",100000,150000,4,100,50,80,6,4,10,2007,2013,Pennsylvania,Bucks,19802,"Bucks County, Pennsylvania",90000,100000,4,300,50,80,1,11,12,2014,2015,Pennsylvania,Montgomery,19426,"Montgomery County, Pennsylvania",60000,0,4,1000,50,70
R_3SpBPKqbUEmdgD9,19,Female,Female,Heterosexual,Hispanic / Latino(a),Single,No,Probably yes,27,3,5.00,6.00,3.33,4.78,1.67,4.67,2.33,1.67,2.43,0.0409570,0.07,0.03,0.03,0.03,5.17,4.33,1.67,-2.67,2.83,2.83,4.00,0.20,0.43,-1.12,0.66,-0.84,-0.32,1.11,0.02,3,12,15,2017,2020,kansas,wyandotte,66208,"Johnson County, Kansas",50000,20000,6,10000,51,80,3,16,19,2021,2024,kansas,lenexa,66215,"Johnson County, Kansas",70000,20000,6,10000,50,90,2,10,12,2015,2017,kansas,johnson,66208,"Johnson County, Kansas",100000,50000,5,10000,55,90,,,#VALUE!,,,,,,,,,,,,,,,#VALUE!,,,,,,,,,,,,
R_1jewmnQZk3IvogI,20,Female,Female,Heterosexual,Multiracial,Dating,No,Probably yes,24,3,1.33,1.67,1.00,1.33,2.67,4.33,1.00,2.33,2.50,0.0157453,0.07,0.01,0.01,0.02,4.33,4.00,4.50,-2.00,4.00,3.83,3.00,-0.64,0.09,0.39,1.18,0.84,0.88,-0.10,0.38,14,0,14,2004,2018,Kansas,Johnson,66062,"Johnson County, Kansas",100000,140000,2,3000,28,85,7,12,19,2016,2023,Missouri,Jackson,64064,"Jackson County, Missouri",100000,160000,4,4000,55,80,1,19,20,2023,2024,Kansas,Johnson,66205,"Johnson County, Kansas",125000,75000,2,2000,56,87,1,18,19,2022,2023,Kansas,Douglas,,"Douglas County, Kansas",,,4,10000,61,,1,19,20,2023,2024,Kansas,Riley,66502,"Riley County, Kansas",,,2,2000,56,
R_4qmehkMUubeYzab,20,Male,Male,Other (please specify),Black / African-American,Single,No,Definitely not,,,4.33,3.33,5.67,4.44,3.00,3.00,3.00,3.00,3.00,0.0025112,0.00,0.00,0.00,0.00,4.00,4.00,4.00,-4.00,4.00,2.00,2.00,-0.97,0.09,0.12,-0.39,0.84,-1.31,-1.31,-0.42,20,1,21,2005,2025,illinois,estl,62205,"Saint Clair County, Illinois",300,500,8,8,51,16,20,1,21,2005,2025,illinois,estl,62205,"Saint Clair County, Illinois",300,500,8,8,60,16,,,#VALUE!,,,,,,,,,,,,,,,#VALUE!,,,,,,,,,,,,,,,#VALUE!,,,,,,,,,,,,
R_2YaIQmQgE4Cxnu9,22,Female,Female,Heterosexual,White / Caucasian,Single,No,Might or might not,30,2,1.33,4.33,1.00,2.22,1.67,3.00,1.00,3.33,2.14,0.0158668,0.03,0.03,0.01,0.02,5.33,4.67,1.00,-4.83,2.83,3.67,2.50,0.37,0.77,-1.47,-1.04,-0.84,0.68,-0.71,-0.32,19,0,19,2002,2021,,,,,15600,12000,2,900,39,70,3,19,22,2021,2024,,,,,50000,47000,2,200,72,70,,,#VALUE!,,,,,,,,,,,,,,,#VALUE!,,,,,,,,,,,,,,,#VALUE!,,,,,,,,,,,,
R_3r8o18QeOqsugI1,,Male,Male,Heterosexual,White / Caucasian,Dating,No,Definitely yes,26,4,5.00,6.67,4.67,5.44,3.67,3.00,2.00,3.67,3.07,0.0039012,0.01,0.00,0.00,0.00,5.67,3.33,4.17,-3.33,3.33,1.67,4.00,0.70,-0.59,0.21,0.14,-0.12,-1.71,1.11,-0.04,18,0,18,#VALUE!,#VALUE!,Kansas,Johnson,66210,"Johnson County, Kansas",70000,80000,5,10000,54,87,1,19,20,,,Arizona,United States,00000,"Jackson County, Missouri",120000,2000,4,9000,56,95,1,20,21,,,Kansas,Don’t know ,66506,"Riley County, Kansas",20000,2000,1,9999,67,92,,,#VALUE!,,,,,,,,,,,,,,,#VALUE!,,,,,,,,,,,,
R_7Bnx3fSCPYZIRqx,19,Male,Male,Heterosexual,White / Caucasian,Single,No,Probably yes,27,3,1.00,2.33,4.00,2.44,4.00,3.00,1.00,2.67,2.71,0.0010018,0.00,0.00,0.00,0.00,6.50,3.33,5.83,-3.67,3.50,2.17,3.67,1.54,-0.59,1.10,-0.13,0.12,-1.11,0.70,0.23,19,0,19,2005,2024,Kansas,Douglas,66046,"Douglas County, Kansas",25000,40000,6,,57,88,,,#VALUE!,,,,,,,,,,,,,,,#VALUE!,,,,,,,,,,,,,,,#VALUE!,,,,,,,,,,,,,,,#VALUE!,,,,,,,,,,,,
R_2EyJ9Hwng8k48Mx,18,Female,Female,Heterosexual,White / Caucasian,Dating,No,Definitely yes,24,5,1.00,1.00,1.00,1.00,3.00,4.67,1.67,4.67,3.14,0.0025112,0.00,0.00,0.00,0.00,6.17,6.50,7.00,-2.33,3.83,3.83,3.67,1.21,2.64,1.72,0.92,0.60,0.88,0.70,1.24,3,0,3,2006,2009,KS,US,67002,"Platte County, Missouri",54000,60000,5,60,39,25,15,4,19,2010,2025,MO,US,64152,"Platte County, Missouri",67000,80000,5,80,50,30,1,18,19,2024,2025,KS,US,66506,"Platte County, Missouri",40000,80000,5,80,50,80,,,#VALUE!,,,,,,,,,,,,,,,#VALUE!,,,,,,,,,,,,
R_7nrfQD4kai3aVXL,21,Female,Female,Heterosexual,White / Caucasian,Dating,No,Definitely yes,29,3,2.00,1.00,1.33,1.44,2.33,3.00,1.00,2.33,2.00,0.0098702,0.01,0.01,0.01,0.01,6.00,3.17,2.83,-1.83,2.50,4.00,4.00,1.04,-0.76,-0.50,1.31,-1.32,1.08,1.11,0.28,18,0,18,2003,2021,Texas ,Denton,75028,"Denton County, Texas",100000,100000,4,72000,55,90,3,18,21,2021,2024,Kansas,Riley,66502,"Riley County, Kansas",80000,70000,1,9000,67,70,,,#VALUE!,,,,,,,,,,,,,,,#VALUE!,,,,,,,,,,,,,,,#VALUE!,,,,,,,,,,,,
R_3D1Qt855qID5Ttu,28,Male,Male,Heterosexual,White / Caucasian,Dating,No,Probably yes,30,2,2.67,5.67,2.00,3.44,2.33,3.67,2.67,4.67,3.57,0.0410114,0.07,0.06,0.03,0.05,5.33,4.33,4.00,-1.33,2.50,3.50,4.00,0.37,0.43,0.12,1.70,-1.32,0.48,1.11,0.41,6,0,6,1996,2002,Texas,Tarrant,,"Tarrant County, Texas",55000,25000,5,100,50,30,12,7,19,2003,2015,Texas,Wise,76247,"Wise County, Texas",50000,30000,4,30,51,30,4,19,23,2015,2019,Texas,Denton,,"Denton County, Texas",30000,12000,1,200,51,27,3,25,28,2021,2024,North Dakota,Ward,58701,"Ward County, North Dakota",45000,35000,1,75,69,70,1,28,29,2024,2025,Kansas,Riley,66517,"Riley County, Kansas",25000,102000,3,12,50,70
R_7pM4bT7Tvhcdfcj,19,Female,Female,Heterosexual,White / Caucasian,Single,No,Probably yes,25,6,1.00,1.00,1.00,1.00,1.33,1.67,1.33,2.00,1.50,0.0039012,0.01,0.00,0.00,0.00,5.33,5.17,6.00,-4.33,4.00,4.00,4.00,0.37,1.28,1.19,-0.65,0.84,1.08,1.11,0.74,18,0,18,2005,2023,kansas,sedwick,67212,"Sedgwick County, Kansas",50000,80000,5,2000,51,80,18,0,18,2005,2023,kansas,sedwick,67212,"Sedgwick County, Kansas",80000,900000,5,2000,51,80,18,0,18,2005,2023,kansas,sedwick,67212,"Sedgwick County, Kansas",80000,80000,5,2000,51,80,18,0,18,2005,2023,kansas,sedwick,67212,"Sedwick County, Kansas",80000,80000,5,2000,50,80,18,0,18,2005,2023,kansas,sedwichk,67212,"Sedgwick County, Kansas",80000,80000,5,5000,51,80
R_3nNntnwO2fAwtAn,19,Female,Female,Heterosexual,White / Caucasian,Dating,No,Probably yes,28,2,,,,,,,,,,,,,,,4.00,3.67,4.00,-3.33,3.00,3.00,2.67,-0.97,-0.25,0.12,0.14,-0.60,-0.12,-0.51,-0.31,8,10,18,2015,2023,Kansas,United States,66206,"Jackson County, Missouri",200000,200000,4,100,51,40,1,18,19,2023,2024,Kansas,United States,60000,"Jackson County, Missouri",0,0,2,500,82,25,,,#VALUE!,,,,,,,,,,,,,,,#VALUE!,,,,,,,,,,,,,,,#VALUE!,,,,,,,,,,,,
R_1jE6GqgKIzVcm1w,18,Female,Female,Heterosexual,White / Caucasian,Dating,No,Definitely yes,25,3,1.67,1.00,1.00,1.22,1.67,2.00,1.00,4.00,2.00,0.0157453,0.03,0.01,0.01,0.01,4.67,3.00,3.67,-1.83,2.67,1.83,1.50,-0.30,-0.93,-0.06,1.31,-1.08,-1.51,-1.92,-0.64,9,0,9,2006,2015,New Hampshire,Belknap,03253,"Belknap County, New Hampshire",40000,70000,4,15,51,80,1,10,11,2016,2017,Kansas,Neosho,66720,"Neosho County, Kansas",40000,70000,4,40,51,90,7,12,19,2018,2025,Kansas,Reno,67502,"Reno County, Kansas",50000,40000,3,60,51,85,1,17,18,2023,2024,Kansas,Reno,67502,"Reno County, Kansas",50000,50000,3,50,52,85,1,18,19,2024,2025,Kansas,Riley,66502,"Riley County, Kansas",50000,0,2,50,51,85
R_3uJ7FrdgVfE0bv0,18,Female,Female,Heterosexual,White / Caucasian,Single,No,Definitely not,,,1.67,5.33,5.67,4.22,2.33,3.00,2.00,3.00,2.93,0.0254923,0.07,0.03,0.00,0.02,3.17,2.00,1.33,-5.17,3.00,2.00,2.50,-1.81,-1.95,-1.30,-1.30,-0.60,-1.31,-0.71,-1.28,5,0,5,2006,2011,Nebraska,Sarpy,68113,"Sarpy County, Nebraska",65000,50000,4,4,67,20,4,5,9,2011,2015,,,,,65000,50000,4,4,72,20,4,11,15,2017,2021,North Dakota,Ward,58704,"Ward County, North Dakota",65000,60000,4,4,67,22,4,14,18,2020,2024,North Dakota,Stark,58601,"Stark County, North Dakota",50000,45000,2,2,55,40,1,18,19,2024,2025,Kansas,Shawnee,66605,"Shawnee County, Kansas",54000,45000,2,2,53,40
R_2Vfs5DCxjZg7Xpv,21,Male,Male,Heterosexual,White / Caucasian,Dating,No,Probably yes,26,3,4.33,4.00,4.67,4.33,3.67,3.67,2.67,2.00,3.07,0.0060032,0.01,0.00,0.01,0.01,5.17,2.33,5.50,-3.33,3.83,3.17,2.33,0.20,-1.61,0.92,0.14,0.60,0.08,-0.91,-0.08,17,0,17,2003,2020,KS,Barton,67526,"Barton County, Kansas",45000,80000,5,5,52,80,3,18,21,2021,2024,KS,Barton,66502,"Barton County, Kansas",60000,5000,1,500,51,80,,,#VALUE!,,,,,,,,,,,,,,,#VALUE!,,,,,,,,,,,,,,,#VALUE!,,,,,,,,,,,,
R_8CIM7NI77HgqUTP,18,Female,Female,Heterosexual,Hispanic / Latino(a),Dating,No,Probably not,,,1.67,2.67,5.33,3.22,2.33,4.33,1.00,1.00,2.29,0.0025112,0.01,0.00,0.00,0.00,4.67,4.00,3.00,-4.83,2.50,3.83,2.00,-0.30,0.09,-0.41,-1.04,-1.32,0.88,-1.31,-0.49,18,0,18,2006,2024,kansas,Geary,66441,"Geary County, Kansas",50000,18000,3,26,49,76,,,#VALUE!,,,,,,,,,,,,,,,#VALUE!,,,,,,,,,,,,,,,#VALUE!,,,,,,,,,,,,,,,#VALUE!,,,,,,,,,,,,
R_7y4xDi3v4fTpRgu,18,Female,Female,Heterosexual,White / Caucasian,Single,No,Definitely yes,26,3,1.67,2.00,3.33,2.33,3.33,2.33,2.00,3.67,2.71,0.0409570,0.07,0.03,0.03,0.03,4.83,2.67,5.50,-4.50,2.83,2.83,3.00,-0.14,-1.27,0.92,-0.78,-0.84,-0.32,-0.10,-0.36,8,12,20,2018,2026,Kansas,America ,67501,"Reno County, Kansas",100000,150000,4,20,,80,1,18,19,2024,2025,Kansas,America,66502,"Riley County, Kansas",12000,10000,1,50000,28,80,,,#VALUE!,,,,,,,,,,,,,,,#VALUE!,,,,,,,,,,,,,,,#VALUE!,,,,,,,,,,,,
R_2KpzvldZMu4CFlB,19,Male,Male,Heterosexual,White / Caucasian,Single,No,Definitely yes,30,2,6.00,7.00,6.00,6.33,2.67,3.67,2.33,3.67,3.07,0.0652124,0.07,0.06,0.03,0.05,6.00,5.17,5.50,-1.00,4.00,4.00,4.00,1.04,1.28,0.92,1.97,0.84,1.08,1.11,1.18,8,11,19,2016,2024,Kansas,Johnson County,66217,"Johnson County, Kansas",100000,180000,4,100,61,40,11,0,11,2005,2016,Kansas,Johnson County,66215,"Johnson County, Kansas",100000,80000,4,80,45,70,,,#VALUE!,,,,,,,,,,,,,,,#VALUE!,,,,,,,,,,,,,,,#VALUE!,,,,,,,,,,,,
R_3n8EiomHLoRTiSw,20,Female,Female,Heterosexual,White / Caucasian,Single,No,Definitely yes,27,3,3.00,4.33,1.33,2.89,3.00,3.33,2.33,2.33,2.50,0.0060047,0.01,0.01,0.00,0.01,5.83,4.83,7.00,-7.00,4.00,4.00,4.00,0.87,0.94,1.72,-2.74,0.84,1.08,1.11,0.54,18,0,18,2004,2022,Kansas,Dickinson ,67410,"Dickinson County, Kansas",65000,160000,4,8,50,85,2,18,20,2022,2024,Kansas,Riley ,66502,"Riley County, Kansas",52000,10000,4,3000,50,80,,,#VALUE!,,,,,,,,,,,,,,,#VALUE!,,,,,,,,,,,,,,,#VALUE!,,,,,,,,,,,,
R_2CdJGAMfiALMLdv,19,Female,Female,Heterosexual,White / Caucasian,Single,No,Probably yes,28,2,1.00,8.33,2.33,3.89,3.33,4.33,2.00,2.33,2.86,0.0157453,0.03,0.01,0.01,0.01,1.67,4.00,3.83,-5.00,4.00,3.17,2.50,-3.32,0.09,0.03,-1.17,0.84,0.08,-0.71,-0.59,19,0,19,2005,2024,Kansas,Johnson County,66061,"Johnson County, Kansas",50000,100000,4,1000,66,86,1,19,20,2024,2025,Kansas,Riley,66502,"Riley County, Kansas",20000,15000,1,1000,88,80,,,#VALUE!,,,,,,,,,,,,,,,#VALUE!,,,,,,,,,,,,,,,#VALUE!,,,,,,,,,,,,
R_6DHknqCde6WHsAw,22,Male,Male,Heterosexual,White / Caucasian,Dating,No,Might or might not,30,2,1.33,7.33,1.67,3.44,2.00,2.33,1.00,3.33,2.07,0.0039012,0.03,0.00,0.00,0.01,4.67,3.50,1.00,-4.00,3.67,3.50,3.50,-0.30,-0.42,-1.47,-0.39,0.36,0.48,0.50,-0.18,13,5,18,2007,2020,Kansas,Sedgwick,67212,"Sedgwick County, Kansas",35000,60000,4,1000,51,80,4,18,22,2020,2024,Kansas,Riley,66502,"Riley County, Kansas",15000,0,5,1000,50,80,5,0,5,2002,2007,Louisiana,i don't know,,,30000,50000,4,1500,53,80,,,#VALUE!,,,,,,,,,,,,,,,#VALUE!,,,,,,,,,,,,
R_1f3H6NRelgURmTT,19,Male,Male,Heterosexual,White / Caucasian,Single,No,Definitely yes,25,3,2.00,1.00,2.33,1.78,2.33,4.33,1.00,3.33,2.57,0.0158668,0.03,0.03,0.03,0.03,5.83,4.33,4.33,-3.33,4.00,3.33,1.83,0.87,0.43,0.30,0.14,0.84,0.28,-1.51,0.19,19,0,19,2005,2024,Virginia,augusta,24401,"Augusta County, Virginia",40000,75000,5,3,92,70,1,18,19,2023,2024,Kansas,riley,66502,"Riley County, Kansas",45000,0,5,10,49,70,,,#VALUE!,,,,,,,,,,,,,,,#VALUE!,,,,,,,,,,,,,,,#VALUE!,,,,,,,,,,,,
R_52RGnYy0CWF6otk,19,Female,Female,Heterosexual,White / Caucasian,Dating,No,Definitely yes,25,5,1.00,1.00,1.00,1.00,1.33,2.67,1.00,3.33,2.00,0.0020038,0.00,0.00,0.00,0.00,4.17,4.17,6.83,-1.00,2.67,2.67,4.00,-0.81,0.26,1.63,1.97,-1.08,-0.51,1.11,0.37,14,2,16,2007,2021,Kansas,Pottawatomie,66547,"Pottawatomie County, Kansas",40000,35000,4,200,53,85,3,15,18,2020,2023,kansas,pottawaromie,66547,"Pottawatomie County, Kansas",50000,35000,3,200,43,85,2,16,18,2021,2023,kansas,pottowatomie,66547,"Pottawatomie County, Kansas",48000,30000,3,120,55,85,5,16,21,2021,2026,kansas,pottowatomie,66547,"Pottawatomie County, Kansas",50000,54000,4,250,56,85,3,17,20,2022,2025,kansas,Riley,66502,"Riley County, Kansas",60000,55000,4,300,62,85
R_1zbCz8uyOamj947,23,Female,Female,Bisexual / Pansexual,White / Caucasian,Dating,No,Probably yes,35,2,2.00,3.67,3.33,3.00,2.33,4.33,2.00,4.00,3.00,0.0060047,0.03,0.03,0.00,0.01,6.50,3.50,2.00,-3.50,3.83,4.00,2.17,1.54,-0.42,-0.94,0.00,0.60,1.08,-1.11,0.11,18,0,18,2001,2019,Kansas,United States,66062,"Jackson County, Missouri",100000,80000,4,3000,65,86,7,18,25,2019,2026,Kansas,Riley,66502,"Riley County, Kansas",,1500,1,1000,74,80,,,#VALUE!,,,,,,,,,,,,,,,#VALUE!,,,,,,,,,,,,,,,#VALUE!,,,,,,,,,,,,
R_3DndEAOsKaMZTFG,21,Male,Male,Heterosexual,White / Caucasian,Dating,No,Definitely yes,24,3,1.67,4.67,4.33,3.56,2.67,3.00,1.33,5.00,2.71,0.0060047,0.01,0.06,0.00,0.01,5.17,4.83,1.17,-1.00,4.00,3.67,3.67,0.20,0.94,-1.38,1.97,0.84,0.68,0.70,0.56,19,0,19,2003,2022,KS,Johnson,66021,"Johnson County, Kansas",80000,300000,5,15,50,75,,,#VALUE!,,,,,,,,,,,,,,,#VALUE!,,,,,,,,,,,,,,,#VALUE!,,,,,,,,,,,,,,,#VALUE!,,,,,,,,,,,,
R_7TDtCDbMiTpUtQ5,20,Female,Female,Heterosexual,White / Caucasian,Single,No,Definitely yes,30,2,2.00,2.00,3.67,2.56,2.33,3.33,1.00,1.67,1.93,0.0157453,0.03,0.01,0.00,0.01,4.67,2.50,4.33,-4.50,4.00,3.17,1.00,-0.30,-1.44,0.30,-0.78,0.84,0.08,-2.52,-0.55,20,0,20,2004,2024,Kansas,Johnson County,66061,"Johnson County, Kansas",80000,120000,5,10000,50,80,2,18,20,2022,2024,Kansas,Manhattan,66502,"Riley County, Kansas",20000,20000,4,1000,51,80,,,#VALUE!,,,,,,,,,,,,,,,#VALUE!,,,,,,,,,,,,,,,#VALUE!,,,,,,,,,,,,
R_5drgs7Pbg4lLPAB,21,Male,Male,Heterosexual,White / Caucasian,Dating,No,Definitely not,,,,,,,,,,,,,,,,,,,,,,,,,,,,,,,,18,0,18,2003,2021,KS,USA,67502,"Johnson County, Kansas",75000,75000,4,20000,50,70,4,14,18,2017,2021,,,,,,,,,,,,,#VALUE!,,,,,,,,,,,,,,,#VALUE!,,,,,,,,,,,,,,,#VALUE!,,,,,,,,,,,,
R_2CCz9ORQayjhETU,18,Male,Male,Gay / Lesbian,White / Caucasian,Single,No,Might or might not,30,2,1.00,2.00,2.67,1.89,1.00,2.33,1.33,3.33,2.14,0.0025352,0.01,0.00,0.00,0.00,5.00,4.33,5.00,-5.17,2.17,2.00,1.83,0.03,0.43,0.65,-1.30,-1.81,-1.31,-1.51,-0.69,2,0,2,2006,2008,Texas,Rockwall,,"Rockwall, Texas",50000,60000,4,3000,50,70,13,2,15,2008,2021,Kansas,Johnson,66213,"Johnson County, Kansas",100000,100000,4,3000,45,80,3,15,18,2021,2024,Kansas,Johnson,66213,"Johnson County, Kansas",100000,100000,4,3000,45,80,,,#VALUE!,,,,,,,,,,,,,,,#VALUE!,,,,,,,,,,,,
R_2HZBBjeVhfVhezl,21,Female,Female,Gay / Lesbian,White / Caucasian,Dating,No,Definitely yes,27,4,2.00,5.67,3.00,3.56,1.67,3.67,1.00,4.67,2.79,0.0060047,0.01,0.01,0.00,0.01,5.33,3.67,2.50,-3.33,4.00,4.00,4.00,0.37,-0.25,-0.68,0.14,0.84,1.08,1.11,0.37,18,0.6,18.6,2003.6,2021.6,Georgia,US,30041,"Platte County, Missouri",60000,75000,4,500,46,80,1,18,19,2021,2022,Georgia,Muscogee,36711,"Muscogee County, Georgia",50000,10000,4,600,71,75,2,19,21,2022,2024,Kansas,Riley,66502,"Riley County, Kansas",60000,25000,2,500,46,80,0.5,19,19.5,2022,2022.5,Kansas,Geary,66532,"Geary County, Kansas",50000,10000,1,100,65,70,0.2,18,18.2,2021,2021.2,Tenessee,Hamilton,37711,"Hawkins County, Tennessee",40000,5000,2,50,38,70
R_1RaiiHN0DVGzPPP,19,Female,Female,Heterosexual,White / Caucasian,Single,No,Definitely yes,25,3,2.00,1.00,1.00,1.33,3.67,3.00,1.00,2.00,2.15,0.0410114,0.07,0.06,0.01,0.03,6.83,4.33,6.00,-5.00,3.50,4.00,4.00,1.88,0.43,1.19,-1.17,0.12,1.08,1.11,0.66,9,0,9,2005,2014,ks,usa,,"Johnson County, Kansas",25,25,4,300,51,80,10,9,19,2014,2024,ks,usa,67002,"Butler County, Kansas",90,200,6,500,61,90,,,#VALUE!,,,,,,,,,,,,,,,#VALUE!,,,,,,,,,,,,,,,#VALUE!,,,,,,,,,,,,
R_1e5vk4r45i1ErzH,19,Female,Female,Heterosexual,White / Caucasian,Dating,No,Definitely yes,26,4,1.00,1.00,1.67,1.22,1.00,2.67,1.00,1.33,1.43,0.2483713,0.25,0.06,0.16,0.14,3.67,2.50,4.50,-3.67,4.00,2.17,1.00,-1.31,-1.44,0.39,-0.13,0.84,-1.11,-2.52,-0.75,2,0,2,2005,2007,Alaska,N\A,99589,Bethel Census Area,10000,30000,3,40,50,70,1,2,3,2007,2008,Alaska,N\A,99737,"Southeast Fairbanks Census Area, Kansas",80000,30000,4,500,57,80,1,7,8,2012,2013,Alaska,N\A,99564,"Lake and Peninsula Borough, Alaska",34000,30000,5,40,55,75,6,4,10,2009,2015,Kansas,CQ,67360,"Chautauqua County, Kansas",33000,20000,6,4,64,80,8,8,16,2013,2021,Alaska,N\A,99613,"Bristol Bay Borough, Alaska",20000,60000,6,20,32,70
R_5EgLKX7toiJMkk8,18,Male,Male,Heterosexual,White / Caucasian,Single,No,Definitely yes,27,3,2.67,7.33,9.00,6.33,4.00,3.33,2.67,2.33,2.93,0.0410114,0.07,0.06,0.01,0.03,5.50,4.67,1.00,-3.50,3.83,2.83,3.33,0.53,0.77,-1.47,0.00,0.60,-0.32,0.30,0.06,15,2,17,2008,2023,Kansas,Johnson,66061,"Johnson County, Kansas",200000,300000,4,2500,46,84,1,16,17,2022,2023,Kansas,Johnson,66062,"Johnson County, Kansas",100,250000,4,3000,54,75,0.75,17,17.75,2023,2023.75,66205,Fairway,66205,"Johnson County, Kansas",400000,350000,3,2000,56,72,1.5,0,1.5,2006,2007.5,Nebraska,Omaha,,"Douglas County, Nebraska",100000,150000,4,2000,50,69,,,#VALUE!,,,,,,,,,,,,
R_2NVOaBWnplMJ7nM,19,Male,Male,Heterosexual,White / Caucasian,Single,No,Definitely yes,25,3,1.67,7.33,5.67,4.89,2.33,3.33,2.00,4.33,2.86,0.0048371,0.00,0.01,0.01,0.01,5.67,4.17,5.50,-3.50,4.00,3.67,1.83,0.70,0.26,0.92,0.00,0.84,0.68,-1.51,0.27,3,0,3,2005,2008,Oklahoma,Tulsa County,,"Tulsa County, Oklahoma",800000,800000,6,600,51,80,16,3,19,2008,2024,Missouri,St. Charles County,63385,"Saint Charles County, Missouri",900000,850000,6,700,49,85,,,#VALUE!,#VALUE!,#VALUE!,,,,,,,,,,,,,#VALUE!,,,,,,,,,,,,,,,#VALUE!,,,,,,,,,,,,
R_2eUXGOf2Yd1kmUV,18,Female,Female,Bisexual / Pansexual,White / Caucasian,Single,No,Probably not,25,2,2.33,8.33,1.67,4.11,2.00,3.00,1.00,2.00,2.21,0.0409570,0.07,0.03,0.03,0.03,4.17,2.83,1.00,-3.17,3.17,4.00,4.00,-0.81,-1.10,-1.47,0.27,-0.36,1.08,1.11,-0.18,4,1,5,2007,2011,KS,USA,66071,"Johnson County, Kansas",80000,100000,5,30,50,80,5,6,11,2012,2017,KS,Linn,,"Linn County, Kansas",70000,80000,5,10,60,75,1,11,12,2017,2018,KS,miami,66071,"Miami County, Kansas",80000,80000,5,30,51,80,1,12,13,2018,2019,Florida,Bay County,32407,"Bay County, Florida",60000,60000,5,100,51,70,4,13,17,2019,2023,KS,Miami,66071,"Miami County, Kansas",60000,90000,5,3,50,80
R_1wAn1ekCQF38Xjv,,Female,Female,Heterosexual,White / Caucasian,Single,No,Definitely not,,,1.00,1.00,1.33,1.11,2.33,3.67,1.00,2.00,2.50,0.2494233,0.25,0.25,0.03,0.12,5.17,5.00,1.00,-4.83,3.17,1.00,4.00,0.20,1.11,-1.47,-1.04,-0.36,-2.50,1.11,-0.42,20,0,20,#VALUE!,#VALUE!,CO,Jefferson,80127,"Jefferson County, Colorado",100000,100000,4,1,51,80,1,22,23,,,CO,Douglas,80123,"Jefferson County, Kentucky",55000,60000,2,4,50,80,,,#VALUE!,#VALUE!,#VALUE!,,,,,,,,,,,,,#VALUE!,,,,,,,,,,,,,,,#VALUE!,,,,,,,,,,,,
R_2zShLR614j0SIEO,19,Female,Female,Heterosexual,White / Caucasian,Single,No,Definitely yes,29,4,1.67,1.00,4.00,2.22,1.33,3.33,1.00,3.33,2.07,0.0061921,0.03,0.00,0.00,0.01,5.83,5.00,7.00,-3.17,4.00,4.00,4.00,0.87,1.11,1.72,0.27,0.84,1.08,1.11,1.00,15,0,15,2005,2020,Kansas,Sedgwick,67206,"Sedgwick County, Kansas",75000,85000,3,1000,51,75,2,18,20,2023,2025,Kansas,Riley,66506,"Riley County, Kansas",50000,5000,4,1000,50,75,2,2,4,2007,2009,Florida,Orange,32751,"Orange County, Florida",175000,40000,2,20000,51,85,,,#VALUE!,,,,,,,,,,,,,,,#VALUE!,,,,,,,,,,,,
R_7BQrMcZx4Ff7raq,19,Female,Female,Heterosexual,White / Caucasian,Single,No,Probably yes,26,3,3.00,5.33,5.67,4.67,2.00,3.00,2.33,2.33,2.50,0.0060047,0.01,0.01,0.00,0.01,4.50,4.83,3.00,-5.00,4.00,3.83,4.00,-0.47,0.94,-0.41,-1.17,0.84,0.88,1.11,0.25,12,0,12,2005,2017,KS ,johnson ,66212,"Johnson County, Kansas",50000,130000,5,10000,50,78,2,12,14,2017,2019,KS ,Johnson ,66212,"Johnson County, Kansas",100000,150000,5,10000,52,85,2,16,18,2021,2023,KS ,Johnson ,66212,"Johnson County, Kansas",60000,100000,4,7000,51,85,,,#VALUE!,,,,,,,,,,,,,,,#VALUE!,,,,,,,,,,,,
R_6q4woyKXwnD8JaX,19,Female,Female,Heterosexual,White / Caucasian,Dating,No,Definitely yes,28,3,1.33,1.00,1.00,1.11,2.33,2.00,1.00,2.00,1.77,0.0015937,0.00,0.00,0.00,0.00,4.33,3.33,6.00,-4.33,4.00,3.00,3.67,-0.64,-0.59,1.19,-0.65,0.84,-0.12,0.70,0.11,18,1,19,2006,2024,Texas ,US ,75482,"Hopkins County, Texas",80000,110000,5,10,40,75,2,18,20,2023,2025,Kansas ,US,66502,"Riley County, Kansas",60000,110000,3,30,56,68,,,#VALUE!,,,,,,,,,,,,,,,#VALUE!,,,,,,,,,,,,,,,#VALUE!,,,,,,,,,,,,
R_3aqWRpSUpSLXSoJ,22,Female,Female,Heterosexual,Multiracial,Dating,No,Probably yes,28,2,1.33,3.67,1.00,2.00,2.00,3.67,2.00,2.33,2.43,0.0025352,0.00,0.00,0.00,0.00,6.50,4.67,1.17,-1.67,3.83,3.50,3.83,1.54,0.77,-1.38,1.44,0.60,0.48,0.91,0.62,6,0,6,2002,2008,Utah,Weber,84414,"Weber County, Utah",75000,80000,4,1000,72,75,16,6,22,2008,2024,KS,Johnson,66227,"Johnson County, Kansas",100000,300000,4,3000,65,75,,,#VALUE!,,,,,,,,,,,,,,,#VALUE!,,,,,,,,,,,,,,,#VALUE!,,,,,,,,,,,,
R_1MbdbiaqmkRBLkZ,18,,Female,Bisexual / Pansexual,White / Caucasian,Dating,No,Might or might not,28,2,3.00,4.00,4.33,3.78,2.33,2.67,1.67,1.67,2.14,0.0038831,0.01,0.00,0.00,0.00,4.50,4.00,2.17,-3.83,2.33,2.33,3.33,-0.47,0.09,-0.85,-0.26,-1.56,-0.91,0.30,-0.52,10,0,10,2006,2016,florida,USA,32712,"Orange County, Florida",87300,60000,5,250,57,75,1,10,11,2016,2017,Kansas,USA,66215,"Johnson County, Kansas",40000,70000,5,400,76,75,5,11,16,2017,2022,Kansas,USA,66215,"Johnson County, Kansas",90000,80000,5,200,61,75,2,16,18,2022,2024,KANSAS,USA,66220,"Johnson County, Kansas",95000,80000,4,250,60,75,,,#VALUE!,,,,,,,,,,,,
R_2FOPK6IHB7d6Cx4,22,Male,Male,Heterosexual,Black / African-American,Married,No,Probably yes,27,3,1.33,2.67,1.67,1.89,2.33,4.00,1.00,3.00,2.43,0.0015864,0.00,0.00,0.00,0.00,5.67,3.00,3.17,-3.50,2.50,1.00,3.17,0.70,-0.93,-0.32,0.00,-1.32,-2.50,0.10,-0.61,12,0,12,2002,2014,NY,Queens,11369,"Queens County, New York",50000,120000,5,400,54,67,6,12,18,2014,2020,Kansas,Geary,66441,"Geary County, Kansas",30000,70000,4,100,57,65,4,18,22,2020,2024,Kansas,Riley,66502,"Riley County, Kansas",40000,35000,2,200,48,65,1,21,22,2023,2024,,,,,58000,40000,1,400,74,68,,,#VALUE!,,,,,,,,,,,,
R_7irgw0FLod5OUJE,21,Male,Male,Heterosexual,White / Caucasian,Single,No,Definitely yes,28,2,4.67,7.33,4.67,5.56,3.67,4.67,1.67,4.33,3.29,0.0038876,0.00,0.00,0.00,0.00,5.83,3.50,3.00,-4.00,4.00,3.50,3.50,0.87,-0.42,-0.41,-0.39,0.84,0.48,0.50,0.21,20,0,20,2003,2023,Kansas,Sedgwick,67026,"Sedgwick County, Kansas",55000,130000,4,500,50,40,1,18,19,2021,2022,Texas,N/A,76901,"Tom Green County, Kansas",49000,40000,1,1000,79,26,,,#VALUE!,,,,,,,,,,,,,,,#VALUE!,,,,,,,,,,,,,,,#VALUE!,,,,,,,,,,,,
R_1PbKaMRMzAcwtdt,21,Male,Male,Gay / Lesbian,White / Caucasian,Single,No,Definitely yes,27,3,2.33,5.67,4.00,4.00,1.00,1.00,1.00,1.00,1.00,0.0032083,0.01,0.03,0.00,0.00,2.50,4.17,4.50,-3.17,2.50,4.00,4.00,-2.48,0.26,0.39,0.27,-1.32,1.08,1.11,-0.10,8,16,24,2019,2027,Ohio,Miami,45314,"Miami County, Ohio",30000,30000,6,30,52,40,6,8,14,2011,2017,Co,Colorado springs,66503,"El Paso County, Kansas",45900,50000,6,45,51,56,3,14,17,2017,2020,Kansas,Manhattan,66502,"Riley County, Kansas",45099,4500,35,50,51,60,1,20,21,2023,2024,California,Orange,66503,"Orange County, California",13900,13900,1,4567,50,55,1,6,7,2009,2010,Kentucky,Kentucky,66504,,34567,12222,3,3563,54,55
R_50mKnBnZfDbzQMp,21,Female,Female,Heterosexual,White / Caucasian,Dating,No,Definitely yes,27,2,1.33,3.33,1.00,1.89,2.67,2.33,1.00,2.00,2.00,0.0006318,0.00,0.00,0.00,0.00,5.00,3.67,5.50,-2.00,3.50,3.67,2.33,0.03,-0.25,0.92,1.18,0.12,0.68,-0.91,0.25,18,0,18,2003,2021,ks,lyon,66801,"Lyon County, Kansas",50000,800000,4,10,51,85,3,18,21,2021,2024,ks,riley,66502,"Riley County, Kansas",50000,80000,4,50,50,85,,,#VALUE!,,,,,,,,,,,,,,,#VALUE!,,,,,,,,,,,,,,,#VALUE!,,,,,,,,,,,,
R_2OYF9pzZXXTExJ7,19,Female,Female,Heterosexual,White / Caucasian,Single,No,Might or might not,28,3,3.00,7.67,2.67,4.44,2.67,3.67,1.00,4.67,2.86,0.0011672,0.00,0.00,0.00,0.00,5.67,5.17,3.67,-2.50,4.00,4.00,4.00,0.70,1.28,-0.06,0.79,0.84,1.08,1.11,0.82,14,0,14,2005,2019,NE,USA,,,85000,200000,4,500,50,80,5,14,19,2019,2024,NE,USA,68007,"Douglas County, Kansas",150000,200000,4,900,51,82,,,#VALUE!,,,,,,,,,,,,,,,#VALUE!,,,,,,,,,,,,,,,#VALUE!,,,,,,,,,,,,
R_2MNSGL921n8Bc2t,20,Female,Female,Bisexual / Pansexual,White / Caucasian,Dating,No,Definitely yes,25,2,3.67,6.00,2.00,3.89,2.33,2.33,1.00,2.33,2.00,0.0025352,0.00,0.01,0.00,0.00,4.67,4.33,3.83,-2.67,3.00,2.33,1.67,-0.30,0.43,0.03,0.66,-0.60,-0.91,-1.71,-0.34,18,1,19,2005,2023,KS,Pottawatomie,66536,"Pottawatomie County, Kansas",74000,84000,4,600,46,80,2,18,20,2022,2024,ks,riley,66502,"Riley County, Kansas",52000,54000,2,800,64,50,,,#VALUE!,,,,,,,,,,,,,,,#VALUE!,,,,,,,,,,,,,,,#VALUE!,,,,,,,,,,,,
R_1HbeJRwCpMDG6EA,22,Male,Male,Heterosexual,White / Caucasian,Dating,No,Probably yes,28,2,3.00,8.00,7.00,6.00,2.33,2.33,2.67,2.33,2.36,0.0410114,0.07,0.06,0.03,0.05,3.83,3.67,1.17,-1.50,4.00,2.67,2.67,-1.14,-0.25,-1.38,1.57,0.84,-0.51,-0.51,-0.20,6,7,13,2009,2015,Kansas ,johnson ,66203,"Johnson County, Kansas",40000,50000,5,1000,50,77,4,19,23,2021,2025,kansas ,johnson,66205,"Johnson County, Kansas",35000,0,4,500,58,70,10,13,23,2015,2025,Kansas,johnson,66221,"Johnson County, Kansas",125000,150000,5,700,50,82,,,#VALUE!,,,,,,,,,,,,,,,#VALUE!,,,,,,,,,,,,
R_5zgVPJQ6r9dVhzr,19,Female,Female,Heterosexual,White / Caucasian,Dating,No,Definitely yes,28,,1.67,6.67,1.33,3.22,3.00,4.33,2.00,4.33,3.14,0.0410114,0.07,0.02,0.03,0.03,5.17,5.33,3.67,-4.00,4.00,4.00,4.00,0.20,1.45,-0.06,-0.39,0.84,1.08,1.11,0.60,19,0,19,2005,2024,kansas,johnson county,66213,"Johnson County, Kansas",,,4,,62,,,,#VALUE!,,,,,,,,,,,,,,,#VALUE!,,,,,,,,,,,,,,,#VALUE!,,,,,,,,,,,,,,,#VALUE!,,,,,,,,,,,,
R_3ATLtvyZqvuwiXl,18,Male,Male,Heterosexual,White / Caucasian,Dating,No,Definitely yes,26,3,1.00,1.00,2.00,1.33,2.00,3.33,1.33,2.00,2.00,0.1008621,0.16,0.16,0.13,0.15,5.83,4.00,5.50,-5.00,4.00,3.67,3.17,0.87,0.09,0.92,-1.17,0.84,0.68,0.10,0.33,9,0,9,2006,2015,California,Los Angeles,93510,"Los Angeles County, California",40000,70000,4,3000,48,82,8,9,17,2015,2023,California,San Diego,92131,"San Diego County, Kansas",100000,10000,5,5000,52,85,2,17,19,2023,2025,Idaho,Ada,83669,"Ada County, Idaho",80000,200000,5,1000,51,85,,,#VALUE!,,,,,,,,,,,,,,,#VALUE!,,,,,,,,,,,,
R_622YcO9lB7X3aJo,19,Female,Female,Heterosexual,White / Caucasian,Single,No,Might or might not,28,2,3.00,2.67,2.00,2.56,1.00,3.67,1.67,4.00,2.36,0.0010022,0.16,0.00,0.00,0.00,6.00,5.00,5.00,-2.00,4.00,3.00,3.00,1.04,1.11,0.65,1.18,0.84,-0.12,-0.10,0.66,2,0,2,2005,2007,VA,Norfolk,,,,,,,,,,,#VALUE!,,,,,,,,,,,,,,,#VALUE!,,,,,,,,,,,,,,,#VALUE!,,,,,,,,,,,,,,,#VALUE!,,,,,,,,,,,,
R_5Ihk3JOCbUSl0R6,20,Female,Female,Heterosexual,White / Caucasian,Dating,No,Probably yes,24,2,1.33,8.33,2.67,4.11,2.33,3.00,1.33,2.00,2.43,0.0001581,0.00,0.00,0.00,0.00,2.33,1.50,1.50,-3.00,3.50,1.83,2.33,-2.65,-2.46,-1.21,0.40,0.12,-1.51,-0.91,-1.17,2,18,20,2022,2024,kansas,riley,66502,"Riley County, Kansas",50000,10000,1,30000,53,72,18,0,18,2004,2022,kansas,johnson,66212,"Johnson County, Kansas",150000,150000,4,10000,50,80,,,#VALUE!,,,,,,,,,,,,,,,#VALUE!,,,,,,,,,,,,,,,#VALUE!,,,,,,,,,,,,
R_4m8AuPJLrRDEjPV,20,Male,Male,Heterosexual,White / Caucasian,Single,No,Definitely yes,,3,1.00,1.00,2.00,1.33,3.67,4.67,1.00,3.33,2.86,0.0025112,0.00,0.00,0.00,0.00,5.50,4.33,6.00,-4.00,4.00,3.83,3.83,0.53,0.43,1.19,-0.39,0.84,0.88,0.91,0.63,12,7,19,2011,2023,Kansas,Johnson County,66221,"Johnson County, Kansas",92000,90000,5,100,50,90,5,0,5,2004,2009,North Carolina,Durham,,"Durham County, North Carolina",66000,50000,4,100,50,90,2,18,20,2022,2024,Kansas,Riley,66502,"Riley County, Kansas",55000,50000,60,500,51,90,1,6,7,2010,2011,Nebraska,Douglas,,"Douglas County, Nebraska",65000,80000,5,100,50,90,,,#VALUE!,,,,,,,,,,,,
R_3DIkm5kuurxAcq2,22,Female,Female,Heterosexual,Black / African-American,Dating,No,Might or might not,26,2,6.67,6.33,1.00,4.67,3.33,2.00,2.67,3.00,2.79,0.0158668,0.03,0.03,0.00,0.01,3.67,2.83,1.00,-3.00,2.83,3.50,2.50,-1.31,-1.10,-1.47,0.40,-0.84,0.48,-0.71,-0.65,18,0,18,2002,2020,SD,Lincoln,57106,"Minnehaha County, South Dakota",50000,47000,2,75,49,85,4,18,22,2020,2024,Kansas,Riley,66502,"Riley County, Kansas",40000,15000,2,50,38,72,,,#VALUE!,,,,,,,,,,,,,,,#VALUE!,,,,,,,,,,,,,,,#VALUE!,,,,,,,,,,,,
R_2dOW9BZu0lUoHnz,21,Female,Female,Bisexual / Pansexual,White / Caucasian,Single,No,Probably yes,25,3,1.67,3.67,6.00,3.78,2.33,2.67,2.33,4.67,3.07,0.0158668,0.03,0.03,0.00,0.01,2.83,3.83,1.67,-4.33,4.00,4.00,4.00,-2.15,-0.08,-1.12,-0.65,0.84,1.08,1.11,-0.14,16,2,18,2005,2021,"California, Fullerton",Us,92835,"Orange County, California",100000,150000,4,50,53,76,3,18,21,2021,2024,"Kansas, Manhattan",KS,66506,"Riley County, Kansas",60000,10000,1,50,51,76,2,0,2,2003,2005,"Missouri, Kansas City",,,,60000,150000,4,60,52,76,,,#VALUE!,,,,,,,,,,,,,,,#VALUE!,,,,,,,,,,,,
R_2am1oagSPJzBw8r,18,Female,Female,Heterosexual,White / Caucasian,Dating,No,Definitely yes,27,4,1.33,4.67,1.00,2.33,2.00,3.33,1.67,2.00,2.21,0.0001582,0.00,0.00,0.00,0.00,6.33,5.33,4.00,-1.67,4.00,3.83,3.00,1.37,1.45,0.12,1.44,0.84,0.88,-0.10,0.86,4,0,4,2006,2010,kansas,EL,67439,"Ellsworth County, Kansas",75000,125000,5,50,71,80,2,15,17,2021,2023,Kansas,JW,66956,"Jewell County, Kansas",65000,100000,3,15,76,70,14,4,18,2010,2024,Kansas,SA,67401,"Saline County, Kansas",85000,90000,4,100,66,75,1,18,19,2024,2025,Kansas,RL,66503,"Riley County, Kansas",100000,110000,3,20,86,80,,,#VALUE!,,,,,,,,,,,,
R_37fe5MqVYeRiDm1,18,Male,Male,Heterosexual,White / Caucasian,Single,No,Definitely yes,25,3,1.33,2.00,2.67,2.00,1.00,3.67,1.67,4.67,2.64,0.0409570,0.07,0.03,0.03,0.03,5.50,3.83,5.17,-4.00,1.50,2.17,3.00,0.53,-0.08,0.74,-0.39,-2.77,-1.11,-0.10,-0.45,10,7,17,2013,2023,Arkansas,Washington,72701,"Washington County, Arkansas",80000,95000,5,25,59,80,1,18,19,2024,2025,Arkansas,Washington,72758,"Benton County, Arkansas",100000,200000,5,15,82,80,1,18,19,2024,2025,Kansas,Riley,66502,"Riley County, Kansas",14000,0,2,300,53,,6,1,7,2007,2013,Colorado,Mesa,81501,"Mesa County, Colorado",35000,35000,4,22,47,75,1,0,1,2006,2007,Washington ,Pierce,98402,"Pierce County, Washington",30000,25000,3,10,56,70
R_2wdkIotlTLnFvVQ,21,Male,Male,Other (please specify),White / Caucasian,Single,Yes,,,3,1.67,2.67,3.67,2.67,4.67,2.67,2.67,3.67,3.50,0.0025112,0.01,0.00,0.00,0.00,4.33,4.33,1.00,-4.83,2.83,1.83,3.83,-0.64,0.43,-1.47,-1.04,-0.84,-1.51,0.91,-0.60,18,1,19,2004,2022,Kansas,Johnson,66223,"Johnson County, Kansas",70000,300000,4,10000,53,80,1,19,20,2022,2023,Missouri ,Jackson ,66002,"Jackson County, Missouri",40000,,2,200,49,60,2,19,21,2022,2024,Kansas,Riley,66502,"Riley County, Kansas",60000,30000,1,100,54,75,,,#VALUE!,,,,,,,,,,,,,,,#VALUE!,,,,,,,,,,,,
R_1kcXH69mqJEcPE6,20,Male,Male,Heterosexual,Hispanic / Latino(a),Single,No,Might or might not,30,2,3.00,6.33,9.00,6.11,3.00,3.00,3.00,3.00,3.00,0.2494233,0.16,0.25,0.25,0.21,3.00,4.00,1.00,-4.00,3.00,3.00,3.00,-1.98,0.09,-1.47,-0.39,-0.60,-0.12,-0.10,-0.65,18,3,21,2007,2025,kansas,unites states,67801,"Ford County, Kansas",60000,60000,5,5,51,50,3,18,21,2022,2025,kansas,United States,66502,"Riley County, Kansas",70000,11000,3,500,51,60,,,#VALUE!,,,,,,,,,,,,,,,#VALUE!,,,,,,,,,,,,,,,#VALUE!,,,,,,,,,,,,
R_1hL2bvO1wePU7wQ,19,Female,Female,Heterosexual,White / Caucasian,Single,No,Might or might not,26,2,2.33,5.33,2.00,3.22,4.00,4.33,2.67,4.00,3.64,0.0010018,0.00,0.00,0.00,0.00,3.83,5.33,3.50,-4.33,2.17,1.33,4.00,-1.14,1.45,-0.14,-0.65,-1.81,-2.11,1.11,-0.47,18,0,18,2005,2023,kansas,johnson,66208,"Johnson County, Kansas",100000,300000,5,4000,61,95,1,18,19,2023,2024,kansas,Riley ,66506,"Riley County, Kansas",60000,3000,2,3000,68,93,,,#VALUE!,,,,,,,,,,,,,,,#VALUE!,,,,,,,,,,,,,,,#VALUE!,,,,,,,,,,,,
R_1EiTwWnAFjCgveY,19,Male,Female,Other (please specify),White / Caucasian,Single,No,Probably yes,25,1,1.00,4.00,6.33,3.78,1.67,3.00,1.33,3.67,2.79,0.0158668,0.03,0.03,0.00,0.01,4.00,4.50,2.17,-5.50,3.83,2.83,3.00,-0.97,0.60,-0.85,-1.56,0.60,-0.32,-0.10,-0.37,17,1,18,2006,2023,KS,Sedgwick,67235,"Sedgwick County, Kansas",25000,3000,4,250,62,70,1,18,19,2023,2024,KS,Riley,66506,"Riley County, Kansas",20000,5000,2,350,42,60,,,#VALUE!,,,,,,,,,,,,,,,#VALUE!,,,,,,,,,,,,,,,#VALUE!,,,,,,,,,,,,
R_2aLpEMwcHuTsP8R,19,Female,Female,Heterosexual,White / Caucasian,Single,No,Probably yes,26,3,4.00,5.67,4.67,4.78,3.33,3.67,2.00,2.33,2.79,0.0158668,0.03,0.03,0.01,0.02,5.17,3.33,4.00,-4.33,3.83,3.33,2.67,0.20,-0.59,0.12,-0.65,0.60,0.28,-0.51,-0.08,16,2.5,18.5,2007.5,2023.5,Kansas,Johnson,66061,"Johnson County, Kansas",100000,100000,4,5000,60,80,1,18,19,2023,2024,Kansas,Riley,66502,"Riley County, Kansas",50000,50000,3,200,50,80,2.5,0,2.5,2005,2007.5,Texas,denton,75065,"Denton County, Texas",65000,70000,4,10000,68,75,,,#VALUE!,,,,,,,,,,,,,,,#VALUE!,,,,,,,,,,,,
R_6dtiU12uSlE7Fpb,20,Female,Female,Heterosexual,White / Caucasian,Dating,No,Definitely yes,25,4,2.67,3.00,2.33,2.67,1.00,1.33,1.00,1.67,1.21,0.0409570,0.07,0.03,0.03,0.03,3.83,4.00,5.50,-1.17,3.33,3.17,2.50,-1.14,0.09,0.92,1.84,-0.12,0.08,-0.71,0.14,18,0,18,2004,2022,Kansas,Logan,67748,"Logan County, Kansas",70000,100000,7,1500,50,80,2,19,21,2023,2025,Kansas,Riley,66502,"Riley County, Kansas",105000,3000,2,1500,49,85,,,#VALUE!,,,,,,,,,,,,,,,#VALUE!,,,,,,,,,,,,,,,#VALUE!,,,,,,,,,,,,
R_1AGthyVPZ7hZN40,19,Female,Female,Heterosexual,White / Caucasian,Dating,No,Definitely yes,25,3,1.33,1.33,1.00,1.22,1.67,3.00,1.00,3.00,2.07,0.0060047,0.01,0.01,0.00,0.01,4.83,5.33,1.67,-1.00,1.83,1.50,3.33,-0.14,1.45,-1.12,1.97,-2.29,-1.91,0.30,-0.25,9,8,17,2013,2022,kansas,riley,66502,"Riley County, Kansas",55000,80000,3,400,52,82,8,0,8,2005,2013,kansas,geary,66441,"Geary County, Kansas",56000,100000,4,20,60,85,1,18,19,2023,2024,kansas,riley,66502,"Riley County, Kansas",60000,15000,1,400,50,80,,,#VALUE!,,,,,,,,,,,,,,,#VALUE!,,,,,,,,,,,,
R_4OsPoFcerXWeWkN,18,Female,Female,Heterosexual,White / Caucasian,Single,No,Definitely yes,25,3,2.33,3.67,2.00,2.67,1.33,1.67,1.67,2.33,1.64,0.2494233,0.25,0.25,0.16,0.21,5.00,4.17,1.00,-5.17,4.00,3.83,3.33,0.03,0.26,-1.47,-1.30,0.84,0.88,0.30,-0.07,4,0,4,2006,2010,,,,,150000,75000,4,10000,55,90,2,4,6,2010,2012,,,,,100000,75000,4,10000,51,90,6,3,9,2009,2015,,,,,70000,75000,4,300,58,90,9,9,18,2015,2024,Kansas,Johnson,66224,"Johnson County, Kansas",80000,80000,4,10000,50,90,1,18,19,2024,2025,Nebraska,lancaster,68521,"Lancaster County, Nebraska",70000,85000,4,5000,54,90
R_7OkoqYez8bO9rLT,20,Female,Male,Bisexual / Pansexual,White / Caucasian,Single,No,Probably yes,35,2,3.67,6.67,5.00,5.11,2.67,3.33,3.00,3.33,3.14,0.0097065,0.01,0.01,0.00,0.01,4.33,3.83,1.33,-4.67,2.83,1.83,2.00,-0.64,-0.08,-1.30,-0.91,-0.84,-1.51,-1.31,-0.94,11,0,11,2004,2015,Missouri,USA,63368,"Saint Clair County, Missouri",85000,105000,5,3500,54,36,9,11,20,2015,2024,Missouri,USA,63366,"Saint Charles County, Missouri",225000,350000,5,4700,57,45,2,20,22,2024,2026,Kansas,USA,66502,"Riley County, Kansas",10000,8000,4,2300,48,22,,,#VALUE!,,,,,,,,,,,,,,,#VALUE!,,,,,,,,,,,,
R_6L7OlaR2Y1wtxUi,19,Female,Female,Heterosexual,White / Caucasian,Single,No,Probably yes,22,4,5.00,4.67,2.00,3.89,3.00,3.00,3.00,3.00,3.00,0.1584380,0.03,0.16,0.16,0.09,4.17,4.00,5.00,-5.17,4.00,3.00,3.00,-0.81,0.09,0.65,-1.30,0.84,-0.12,-0.10,-0.11,18,0,18,2005,2023,kansas,united states,67212,"Sedgwick County, Kansas",15000,100000,6,30,51,40,1,18,19,2023,2024,KANSAS,united states,66506,"Riley County, Kansas",10000,400,3,100,62,90,,,#VALUE!,,,,,,,,,,,,,,,#VALUE!,,,,,,,,,,,,,,,#VALUE!,,,,,,,,,,,,
,,,,,,,,,,,,,,,,,,,,,,,,,,,,,,,,,,,,,,,,,,,,,,,,,,,,,,,,,,,,,,,,,,,,,,,,,,,,,,,,,,,,,,,,,,,,,,,,,,,,,,0,,,,,,,,,,,,
